N,CPU_Time,GPU_Time,Speedup
10000,.008514565,.313298727,.02
100000,.009370571,.309774136,.03
1000000,.020446555,.360430952,.05
10000000,.136288249,.857074996,.15
100000000,1.748589125,5.825409697,.30
1000000000,18.928908650,.808065892,23.42
